label_binary,file_name,file_path,pk_file,server_name,fname_has_date,fname_has_hash,fname_has_rotation_num,pattern_count_log1p,pattern_count_bin,is_mass_detection,is_extreme_detection,pii_type_ratio,path_depth,extension,is_log_file,is_docker_overlay,has_license_path,is_temp_or_dev,is_system_device,is_package_path,has_cron_path,has_date_in_path,has_business_token,has_system_token,rule_matched,rule_primary_class,rule_id,exception_requested,server_env,server_is_prod,server_stack,rule_confidence_lb,service,ops_dept,organization,retention_period,service_enc,ops_dept_enc,organization_enc,retention_period_enc,server_env_enc,server_stack_enc,rule_id_enc,rule_primary_class_enc,file_event_count,file_pii_diversity
FP,batch_202507.log,/var/log/cron,e4cc36d89514166548d195d7285ff451701fcc3a45a649cd9dabdc44d00a5315,lgup-sbx-app06,1,0,0,5.720311776607412,3,0,0,0.9967213114754099,3,unknown,1,0,0,0,0,0,1,0,0,1,1,FP-시스템로그,PATH_CRON_LOG_001,0,sbx,0,app,0.5,AI메시징허브,AX선행기술팀,CTO,예외승인시 보관,0,1,0,3,2,0,0,2,1,0
FP,storage_size.txt,/storage/system/report,98bfebf396f464f388eb6ec0ee0bcdc884a002a4d98f23c3ec781a16d0086200,lgup-sbx-app07,0,0,0,5.10594547390058,3,0,0,0.9939393939393939,3,unknown,0,0,0,0,0,0,0,0,1,0,0,,,1,sbx,0,app,0.0,모바일인증,AX선행기술팀,CTO,1개월,3,1,0,0,2,0,5,3,1,0
FP,access.log.7,/var/log/apache2,b9cd53bf73307fc787ea205be7c26bf17de25de88919c6e35b32cf964517b357,lgup-sbx-app01,0,0,1,8.461046030793236,4,0,0,0.9997884493336154,3,unknown,1,0,0,0,0,0,0,0,0,1,1,FP-시스템로그,PATH_HADOOP_001,1,sbx,0,app,0.7933,비디오 포털(신동향)검색,클라우드보안팀,CTO,3개월,5,5,0,1,2,0,2,2,1,0
FP,dummy_data.json,/tmp/test,664bb8b280db168453173f04c6ca88d10c9913b7d156940002e768ae1f08152c,lgup-sbx-app04,0,0,0,3.4657359027997265,2,0,0,0.78125,2,unknown,0,0,0,1,0,0,0,0,0,0,1,FP-더미테스트,PATH_TEMP_DEV_001,1,sbx,0,app,0.5,AI메시징허브,클라우드보안팀,CTO,1개월,0,5,0,0,2,0,4,0,1,0
FP,sent_archive.mbox,/var/app/mail/archive,ecd699dc815e8195f48e5616fb034037924c4c13404788c9ce5ce2ece97e7701,lgup-dev-app05,0,0,0,2.3978952727983707,1,0,0,0.0,4,unknown,0,0,0,0,0,0,0,0,0,0,0,,,1,dev,0,app,0.0,AI메시징허브,AX선행기술팀,CTO,예외승인시 보관,0,1,0,3,0,0,5,3,1,0
FP,disk_usage.log,/var/log/disk_monitor,7462467626842ea249c3afa96222758f3e189f37833f90e398b1f7d5d4f379ec,lgup-stg-app07,0,0,0,5.303304908059076,3,0,0,0.9950248756218906,3,unknown,1,0,0,0,0,0,0,0,0,1,1,FP-시스템로그,PATH_HADOOP_001,0,stg,0,app,0.7933,비디오 포털(신동향)검색,클라우드보안팀,CTO,예외승인시 보관,5,5,0,3,3,0,2,2,1,0
FP,app.log,/docker/overlay2/merged/logs,c257feaff1e6a953496a216cf997da74f0cf5f65cbc64c42cf21cf3d4f880d90,lgup-stg-app02,0,0,0,8.929170383139624,4,0,0,0.99986753212346,4,unknown,0,1,0,0,0,0,0,0,0,0,1,FP-시스템로그,PATH_DOCKER_001,0,stg,0,app,0.9103,AI메시징허브,AI플랫폼운영팀,CTO,3개월,0,0,0,1,3,0,1,2,1,0
FP,sample_customer.csv,/tests/fixtures,9cd314086486fbcca76cf3c8ea55fd0fbfbe8b00cb638a980c8d13c3314693fd,lgup-dev-app04,0,0,0,3.044522437723423,2,0,0,0.5714285714285714,2,unknown,0,0,0,1,0,0,0,0,0,0,1,FP-더미테스트,PATH_TEMP_DEV_001,0,dev,0,app,0.5,AI메시징허브,클라우드보안팀,CTO,3개월,0,5,0,1,0,0,4,0,1,0
FP,mailbox.db,/var/app/mail/archive,96739e2f77b8eb51680f4670584ec070bc2846f1ee5841d980db187c11d10daf,lgup-sbx-app05,0,0,0,3.295836866004329,2,0,0,0.0,4,unknown,0,0,0,0,0,0,0,0,0,0,0,,,0,sbx,0,app,0.0,비디오 포털(신동향)검색,클라우드보안팀,CTO,3개월,5,5,0,1,2,0,5,3,1,0
FP,access.log.3,/var/log/apache2,6244447c18d1aae08b0ce2f1bfa6065d7701511ae4a338821b8a0c736c8727a2,lgup-stg-app01,0,0,1,8.115819701211327,4,0,0,0.9997012249775918,3,unknown,1,0,0,0,0,0,0,0,0,1,1,FP-시스템로그,PATH_HADOOP_001,0,stg,0,app,0.7933,AI메시징허브,클라우드보안팀,CTO,1개월,0,5,0,0,3,0,2,2,1,0
FP,app.log,/var/lib/docker/overlay2/a3f1b2c4d5/diff/var/log,a2692a30829089f6dadffe8f1c5e47a3138c57c72360b000e63340ac7b716247,lgup-dev-app02,0,0,0,8.919319398258887,4,0,0,0.9998662207357859,8,unknown,0,1,0,0,0,0,0,0,0,1,1,FP-시스템로그,PATH_DOCKER_001,0,dev,0,app,0.9103,비디오 포털(신동향)검색,클라우드보안팀,CTO,예외승인시 보관,5,5,0,3,0,0,1,2,1,0
FP,LICENSE,/usr/share/licenses/python3,c1473ee6f8de6ba91cf72d8e9cecbc3b8a34d8671908ec2ff12b895d4447aa08,lgup-sbx-app03,0,0,0,1.0986122886681098,0,0,0,0.0,4,unknown,0,0,1,0,0,0,0,0,0,0,1,FP-라이브러리,PATH_LICENSE_001,1,sbx,0,app,0.943,AI메시징허브,클라우드보안팀,CTO,3개월,0,5,0,1,2,0,3,1,1,0
FP,mailbox.db,/var/app/mail/archive,04b6908fd60713d2fbdfbdd3796d1568e4e92ccbff43bc2ae51aa09dd47b785c,lgup-sbx-app05,0,0,0,4.51085950651685,2,0,0,0.0,4,unknown,0,0,0,0,0,0,0,0,0,0,0,,,1,sbx,0,app,0.0,AI메시징허브,AX선행기술팀,CTO,예외승인시 보관,0,1,0,3,2,0,5,3,1,0
FP,cron_daily.log,/var/log/cron,a551d84c23b7f499bb56429b2157bbc4e3cef89a77c44e5a56256b1f42aee164,lgup-dev-app06,0,0,0,6.013715156042802,3,0,0,0.9975550122249389,3,unknown,1,0,0,0,0,0,1,0,0,1,1,FP-시스템로그,PATH_CRON_LOG_001,0,dev,0,app,0.5,모바일인증,AX선행기술팀,CTO,예외승인시 보관,3,1,0,3,0,0,0,2,1,0
FP,storage_size.txt,/storage/system/report,d22ed3f97bd2d11738bef9d601a43d8e13f1cfc8b6bba0c2194b1714ee0274f1,lgup-sbx-app07,0,0,0,5.53338948872752,3,0,0,0.9960474308300395,3,unknown,0,0,0,0,0,0,0,0,1,0,0,,,0,sbx,0,app,0.0,비디오 포털(신동향)검색,AI플랫폼운영팀,CTO,3개월,5,0,0,1,2,0,5,3,1,0
FP,access.log.1,/var/log/apache2,6c070f14f145fd5d609c9768693a6f3fc13160682a9355349b6809b9f183f424,lgup-stg-mms01,0,0,1,8.110727582974489,4,0,0,0.9996996996996997,3,unknown,1,0,0,0,0,0,0,0,0,1,1,FP-시스템로그,PATH_HADOOP_001,1,stg,0,mms,0.7933,NW관제,전송망품질팀,NW부문,3개월,2,4,1,1,3,1,2,2,1,0
FP,nginx.log,/docker/overlay2/merged/logs,9a6eb0316dc81d4bc61b62b19f31a631b9bf77bdaad9c2273cb38033a8b96904,lgup-stg-mms02,0,0,0,8.395251520610994,4,0,0,0.999774062358789,4,unknown,0,1,0,0,0,0,0,0,0,0,1,FP-시스템로그,PATH_DOCKER_001,0,stg,0,mms,0.9103,MMS 운영,전송망품질팀,NW부문,1개월,1,4,1,0,3,1,1,2,1,0
FP,LICENSE,/usr/share/doc/curl,315a45f65459d627c6647202aebac2b5d69c6ec9e7a0532657b67600d3f85557,lgup-stg-mms03,0,0,0,1.6094379124341003,0,0,0,0.0,4,unknown,0,0,1,0,0,0,0,0,0,0,1,FP-라이브러리,PATH_LICENSE_001,0,stg,0,mms,0.943,문자중계,전송망품질팀,NW부문,1개월,4,4,1,0,3,1,3,1,1,0
FP,auth_audit.txt,/var/app/mail/archive,3bc5a2759260c858252c5fc1d0dcd189a8a1d7b27fdd766d1de29cd7f0b80500,lgup-stg-mms05,0,0,0,4.04305126783455,2,0,0,0.0,4,unknown,0,0,0,0,0,0,0,0,0,0,0,,,1,stg,0,mms,0.0,MMS 운영,전송망품질팀,NW부문,예외승인시 보관,1,4,1,3,3,1,5,3,1,0
FP,scheduler.log.1,/system/generated,6769f97894ad478a7864089d6796271f3c5e114390cfd90401fba7762855b5eb,lgup-stg-mms06,0,0,1,5.056245805348308,3,0,0,0.9936305732484076,2,unknown,0,0,0,0,0,0,1,0,0,0,0,,,1,stg,0,mms,0.0,문자중계,서비스플랫폼운영팀,NW부문,3개월,4,3,1,1,3,1,5,3,1,0
FP,storage_size.txt,/storage/system/report,889b38c7ffef849bac04ca7d7d6a385e77aa4275ce4c99c5f86908e9907f6a73,lgup-sbx-mms07,0,0,0,3.367295829986474,2,0,0,0.9655172413793104,3,unknown,0,0,0,0,0,0,0,0,1,0,0,,,0,sbx,0,mms,0.0,MMS 운영,서비스플랫폼운영팀,NW부문,예외승인시 보관,1,3,1,3,2,1,5,3,1,0
FP,app.log,/var/lib/docker/overlay2/a3f1b2c4d5/diff/var/log,c04dcdc668c23b06ac24dd584da1dc9de988d8b44c0e45280b1598371e873212,lgup-dev-mms02,0,0,0,8.43663368355782,4,0,0,0.999783221331021,8,unknown,0,1,0,0,0,0,0,0,0,1,1,FP-시스템로그,PATH_DOCKER_001,1,dev,0,mms,0.9103,문자중계,서비스플랫폼운영팀,NW부문,3개월,4,3,1,1,0,1,1,2,1,0
FP,dummy_data.json,/tmp/test,371520750427add8de32ee8d73b1c92cfb464b2e39797e10c468b17726ba4ec3,lgup-sbx-mms04,0,0,0,3.258096538021482,2,0,0,0.38461538461538464,2,unknown,0,0,0,1,0,0,0,0,0,0,1,FP-더미테스트,PATH_TEMP_DEV_001,0,sbx,0,mms,0.5,NW관제,전송망품질팀,NW부문,예외승인시 보관,2,4,1,3,2,1,4,0,1,0
FP,cron_daily.log,/var/log/scheduler,6f0d93f53c807a7164c0f365609356d3354bf5c58e21d7eb8a1e445432c86ac0,lgup-sbx-mms06,0,0,0,4.912654885736052,3,0,0,0.9926470588235294,3,unknown,1,0,0,0,0,0,1,0,0,1,1,FP-시스템로그,PATH_CRON_LOG_001,1,sbx,0,mms,0.5,MMS 운영,NW운영1팀,NW부문,예외승인시 보관,1,2,1,3,2,1,0,2,1,0
FP,iostat.log,/var/log/disk_monitor,dd3a07c69ede6f41a84839b3b437a5207cf7e88fcf00811d36c7d47cfcfab5a6,lgup-stg-mms07,0,0,0,4.51085950651685,2,0,0,0.989010989010989,3,unknown,1,0,0,0,0,0,0,0,0,1,1,FP-시스템로그,PATH_HADOOP_001,0,stg,0,mms,0.7933,문자중계,NW운영1팀,NW부문,3개월,4,2,1,1,3,1,2,2,1,0
FP,access.log.6,/var/log/apache2,39307afa11fb3e7acf16ce2a9b89ed4df05bd91350cc29d198b205fc64e9676f,lgup-dev-mms01,0,0,1,8.493719835230594,4,0,0,0.9997952497952498,3,unknown,1,0,0,0,0,0,0,0,0,1,1,FP-시스템로그,PATH_HADOOP_001,1,dev,0,mms,0.7933,문자중계,NW운영1팀,NW부문,3개월,4,2,1,1,0,1,2,2,1,0
FP,copyright,/usr/share/doc/curl,eac11750c0fa8491fa28d178490d3a03e0f2ded03cfb9bd2098c6fa721ca038b,lgup-stg-mms03,0,0,0,0.6931471805599453,0,0,0,0.0,4,unknown,0,0,1,0,0,0,0,0,0,0,1,FP-라이브러리,PATH_LICENSE_001,0,stg,0,mms,0.943,NW관제,NW운영1팀,NW부문,예외승인시 보관,2,2,1,3,3,1,3,1,1,0
FP,dummy_data.json,/tests/fixtures,f4a6107068ac1c8a6e5cfc956635c7f4e29ecc4e7435be8f73c95602d9cae27d,lgup-stg-mms04,0,0,0,2.5649493574615367,1,0,0,0.46153846153846156,2,unknown,0,0,0,1,0,0,0,0,0,0,1,FP-더미테스트,PATH_TEMP_DEV_001,1,stg,0,mms,0.5,문자중계,전송망품질팀,NW부문,3개월,4,4,1,1,3,1,4,0,1,0
FP,sent_archive.mbox,/home/mail/inbox,6e5e7f937a5f15edc7c221ae88ceedb13e2a75aa638659bcea21a340e37e97af,lgup-sbx-mms05,0,0,0,3.912023005428146,2,0,0,0.0,3,unknown,0,0,0,0,0,0,0,0,0,0,0,,,0,sbx,0,mms,0.0,문자중계,서비스플랫폼운영팀,NW부문,예외승인시 보관,4,3,1,3,2,1,5,3,1,0
FP,nginx.log,/var/lib/docker/overlay2/a3f1b2c4d5/diff/var/log,002e5b0cffc72f6f0a4a151162967f8a59c448d46ce7167ea4a3459001db3b82,lgup-dev-mms02,0,0,0,7.377133712833954,4,0,0,0.9993746091307066,8,unknown,0,1,0,0,0,0,0,0,0,1,1,FP-시스템로그,PATH_DOCKER_001,1,dev,0,mms,0.9103,문자중계,NW운영1팀,NW부문,1개월,4,2,1,0,0,1,1,2,1,0
FP,mailbox.db,/auth/internal,06c56477eeb6839cafe206cfdc8b897b09b7627ecb226ec2e1ff3ba0f34c0520,lgup-stg-app05,0,0,0,3.713572066704308,2,0,0,0.0,2,unknown,0,0,0,0,0,0,0,0,0,1,0,,,1,stg,0,app,0.0,AI메시징허브,AI플랫폼운영팀,CTO,예외승인시 보관,0,0,0,3,3,0,5,3,1,0
FP,access.log.2,/var/log/apache2,a7dc70802786a80b0315cd7b80b7eaf98da94cd64fd3e59e03ff85f88310c43d,lgup-stg-app01,0,0,1,7.604396348796338,4,0,0,0.9995017438963627,3,unknown,1,0,0,0,0,0,0,0,0,1,1,FP-시스템로그,PATH_HADOOP_001,1,stg,0,app,0.7933,모바일인증,AX선행기술팀,CTO,3개월,3,1,0,1,3,0,2,2,1,0
FP,app.log,/docker/overlay2/merged/logs,923c964f7d8c1f66fa12b344e0688ecd232974681b51c2903f19c7c5d73d14ca,lgup-dev-app02,0,0,0,8.035602692918582,4,0,0,0.9996762706377469,4,unknown,0,1,0,0,0,0,0,0,0,0,1,FP-시스템로그,PATH_DOCKER_001,0,dev,0,app,0.9103,AI메시징허브,클라우드보안팀,CTO,3개월,0,5,0,1,0,0,1,2,1,0
FP,test_case.sql,/home/dev/workspace/test,b2332d361e8070b5e919626e8dc60ec5fe817c92570fdeb6970c88dd7dc40701,lgup-stg-app04,0,0,0,3.5263605246161616,2,0,0,0.5882352941176471,4,unknown,0,0,0,0,0,0,0,0,0,0,0,,,0,stg,0,app,0.0,모바일인증,클라우드보안팀,CTO,3개월,3,5,0,1,3,0,5,3,1,0
FP,access.log.9,/var/log/apache2,b2abe89ab44b6405fc9eb8e52a01db2bfcf2597017350b077e3a38aa91c11eda,lgup-dev-app01,0,0,1,8.263332667439967,4,0,0,0.9997422015983501,3,unknown,1,0,0,0,0,0,0,0,0,1,1,FP-시스템로그,PATH_HADOOP_001,1,dev,0,app,0.7933,모바일인증,클라우드보안팀,CTO,1개월,3,5,0,0,0,0,2,2,1,0
FP,app.log,/docker/overlay2/merged/logs,7da5453c4c122a550cd299f96ad28e9d69475b632e21cbf745f146388f28ff50,lgup-dev-app02,0,0,0,7.037027614686276,4,0,0,0.9991212653778558,4,unknown,0,1,0,0,0,0,0,0,0,0,1,FP-시스템로그,PATH_DOCKER_001,1,dev,0,app,0.9103,모바일인증,클라우드보안팀,CTO,예외승인시 보관,3,5,0,3,0,0,1,2,1,0
FP,changelog.gz,/usr/share/doc/curl,6115c20423c4939e96ae36f2e5190ccbe090504ea8438f9f3143c062f2750acb,lgup-dev-app03,0,0,0,1.791759469228055,1,0,0,0.0,4,unknown,0,0,1,0,0,0,0,0,0,0,1,FP-라이브러리,PATH_LICENSE_001,0,dev,0,app,0.943,모바일인증,AI플랫폼운영팀,CTO,3개월,3,0,0,1,0,0,3,1,1,0
FP,mailbox.db,/home/mail/inbox,3297c8981e4560e0acff6b179a6b2a73423f05f2605e44f31f8d5cb83db0986d,lgup-sbx-app05,0,0,0,3.6375861597263857,2,0,0,0.0,3,unknown,0,0,0,0,0,0,0,0,0,0,0,,,0,sbx,0,app,0.0,AI메시징허브,AX선행기술팀,CTO,3개월,0,1,0,1,2,0,5,3,1,0
FP,cron_daily.log,/var/log/scheduler,f458b55badc2cdc62c99fb26c073f096bafdc03cfdc6e0eb5e988e9bb576c338,lgup-dev-app06,0,0,0,5.231108616854587,3,0,0,0.9946524064171123,3,unknown,1,0,0,0,0,0,1,0,0,1,1,FP-시스템로그,PATH_CRON_LOG_001,0,dev,0,app,0.5,AI메시징허브,AX선행기술팀,CTO,1개월,0,1,0,0,0,0,0,2,1,0
FP,iostat.log,/var/log/disk_monitor,7d2d7514dd504ecd0cf696cd35369405e65b193cde6b41212a29ed1f76674e9f,lgup-sbx-app07,0,0,0,4.110873864173311,2,0,0,0.9836065573770492,3,unknown,1,0,0,0,0,0,0,0,0,1,1,FP-시스템로그,PATH_HADOOP_001,1,sbx,0,app,0.7933,모바일인증,AX선행기술팀,CTO,3개월,3,1,0,1,2,0,2,2,1,0
FP,app.log,/docker/overlay2/merged/logs,db3bce1a0c991f2b89017414981d6f16efed5603960802cd709cffd213c7ef21,lgup-dev-app02,0,0,0,8.321907968230423,4,0,0,0.99975686846584,4,unknown,0,1,0,0,0,0,0,0,0,0,1,FP-시스템로그,PATH_DOCKER_001,0,dev,0,app,0.9103,비디오 포털(신동향)검색,AX선행기술팀,CTO,3개월,5,1,0,1,0,0,1,2,1,0
FP,LICENSE,/usr/share/doc/libssl1.1,cee1a202e259ebb031e42e374d5f452d3a5cb48c86c022ef7d8ae1c39d20df3f,lgup-dev-app03,0,0,0,2.1972245773362196,1,0,0,0.0,4,1,1,0,1,0,0,0,0,0,0,0,1,FP-라이브러리,PATH_LICENSE_001,0,dev,0,app,0.943,모바일인증,AX선행기술팀,CTO,1개월,3,1,0,0,0,0,3,1,1,0
FP,dummy_data.json,/tmp/test,fa56dda8a2e02e70397b0f0e697b5ef0030c66a97e9122434bce8b94e469eca7,lgup-stg-app04,0,0,0,3.784189633918261,2,0,0,0.5454545454545454,2,unknown,0,0,0,1,0,0,0,0,0,0,1,FP-더미테스트,PATH_TEMP_DEV_001,1,stg,0,app,0.5,모바일인증,AI플랫폼운영팀,CTO,3개월,3,0,0,1,3,0,4,0,1,0
FP,scheduler.log.1,/var/log/scheduler,d3168530a725c7277aef83e888c79a5515a818a66fcd61e38028976efb01dc19,lgup-sbx-app06,0,0,1,5.723585101952381,3,0,0,0.9967320261437909,3,unknown,1,0,0,0,0,0,1,0,0,1,1,FP-시스템로그,PATH_CRON_LOG_001,0,sbx,0,app,0.5,모바일인증,AX선행기술팀,CTO,예외승인시 보관,3,1,0,3,2,0,0,2,1,0
FP,storage_size.txt,/logs/iostat,22f7ad119b9bdad43dd5217d016267b4c7d8b701dde361867210fd9838d0b7b7,lgup-sbx-app07,0,0,0,4.976733742420574,3,0,0,0.993103448275862,2,unknown,1,0,0,0,0,0,0,0,0,0,0,,,0,sbx,0,app,0.0,AI메시징허브,AX선행기술팀,CTO,1개월,0,1,0,0,2,0,5,3,1,0
FP,access.log.5,/var/log/apache2,6aa5bb2bbc35a8a64d03341b5267aab2533fa092b22cf4e1d57b7ce96cf52a3b,lgup-sbx-app01,0,0,1,7.704361167910313,4,0,0,0.9995491433724075,3,unknown,1,0,0,0,0,0,0,0,0,1,1,FP-시스템로그,PATH_HADOOP_001,0,sbx,0,app,0.7933,AI메시징허브,AX선행기술팀,CTO,예외승인시 보관,0,1,0,3,2,0,2,2,1,0
FP,app.log,/docker/overlay2/merged/logs,9083ab6ecddc0fc5b736cd16c58aebab5a31c399a79d0b26fbf8f70d975a6b08,lgup-stg-mms02,0,0,0,8.450839690866216,4,0,0,0.9997862791194699,4,unknown,0,1,0,0,0,0,0,0,0,0,1,FP-시스템로그,PATH_DOCKER_001,0,stg,0,mms,0.9103,MMS 운영,전송망품질팀,NW부문,예외승인시 보관,1,4,1,3,3,1,1,2,1,0
FP,LICENSE,/usr/share/doc/curl,4314b972f1a1a1ebb19422f9064d158c747f61c6678f942417b1448be0e571fd,lgup-sbx-mms03,0,0,0,1.3862943611198906,0,0,0,0.0,4,unknown,0,0,1,0,0,0,0,0,0,0,1,FP-라이브러리,PATH_LICENSE_001,1,sbx,0,mms,0.943,MMS 운영,서비스플랫폼운영팀,NW부문,예외승인시 보관,1,3,1,3,2,1,3,1,1,0
FP,dummy_data.json,/tmp/test,026614ebf92199ab99d3d552da850bac20c3d2a6c8d647a2a51b11f5c5ec4714,lgup-dev-mms04,0,0,0,3.5263605246161616,2,0,0,0.5,2,unknown,0,0,0,1,0,0,0,0,0,0,1,FP-더미테스트,PATH_TEMP_DEV_001,0,dev,0,mms,0.5,문자중계,NW운영1팀,NW부문,1개월,4,2,1,0,0,1,4,0,1,0
FP,disk_usage.log,/var/log/disk_monitor,93373223731759b60b1a1ef2c73a7c9435abefd3dd32005af5b6e2ccb13d123d,lgup-sbx-mms07,0,0,0,5.488937726156687,3,0,0,0.9958677685950413,3,unknown,1,0,0,0,0,0,0,0,0,1,1,FP-시스템로그,PATH_HADOOP_001,0,sbx,0,mms,0.7933,NW관제,전송망품질팀,NW부문,예외승인시 보관,2,4,1,3,2,1,2,2,1,0
FP,changelog.gz,/usr/share/licenses/python3,dfff01a55462d29b154ca2e41f44116e8c05af0f8fbf5cd52d1cdac97b9d08e8,lgup-dev-mms03,0,0,0,1.3862943611198906,0,0,0,0.0,4,unknown,0,0,1,0,0,0,0,0,0,0,1,FP-라이브러리,PATH_LICENSE_001,0,dev,0,mms,0.943,문자중계,서비스플랫폼운영팀,NW부문,예외승인시 보관,4,3,1,3,0,1,3,1,1,0
FP,test_case.sql,/home/dev/workspace/test,c8209c9725a6b6a4d4ed9d20942856b68a26a9b02a9f4289ac202aea2b0229f3,lgup-sbx-mms04,0,0,0,2.833213344056216,1,0,0,0.35294117647058826,4,unknown,0,0,0,0,0,0,0,0,0,0,0,,,0,sbx,0,mms,0.0,NW관제,NW운영1팀,NW부문,1개월,2,2,1,0,2,1,5,3,1,0
FP,sent_archive.mbox,/auth/internal,85184a4f7ef69fe04de254576a16c7e15ebca99c5c7a6d3b203eed49f05715b4,lgup-stg-mms05,0,0,0,4.1588830833596715,2,0,0,0.0,2,unknown,0,0,0,0,0,0,0,0,0,1,0,,,0,stg,0,mms,0.0,NW관제,서비스플랫폼운영팀,NW부문,1개월,2,3,1,0,3,1,5,3,1,0
FP,iostat.log,/logs/iostat,aafb988ff1516fb3973b2a88a9a4e7851d660b6328e62bb6bf7dbec211d6593f,lgup-dev-mms07,0,0,0,4.990432586778736,3,0,0,0.9931972789115646,2,unknown,1,0,0,0,0,0,0,0,0,0,0,,,0,dev,0,mms,0.0,NW관제,NW운영1팀,NW부문,1개월,2,2,1,0,0,1,5,3,1,0
FP,access.log.1,/var/log/apache2,93d7ecd90fc1401172b85432b8c7988fceadd164fe819e886be1c0291fbb5fd9,lgup-stg-mms01,0,0,1,7.528331766707247,4,0,0,0.9994623655913979,3,unknown,1,0,0,0,0,0,0,0,0,1,1,FP-시스템로그,PATH_HADOOP_001,1,stg,0,mms,0.7933,MMS 운영,전송망품질팀,NW부문,1개월,1,4,1,0,3,1,2,2,1,0
FP,nginx.log,/docker/overlay2/merged/logs,d5aa34cd369d60e6f7fffb7963e6426fc6b579b530e56368979ea2ce10b18dce,lgup-stg-mms02,0,0,0,8.068089626278244,4,0,0,0.9996866186148543,4,unknown,0,1,0,0,0,0,0,0,0,0,1,FP-시스템로그,PATH_DOCKER_001,1,stg,0,mms,0.9103,MMS 운영,전송망품질팀,NW부문,3개월,1,4,1,1,3,1,1,2,1,0
FP,sample_customer.csv,/tests/fixtures,f6c3a4f915c72ab87d98626fd1f7319e8f7c3f74a2e686a42ac05e1a13ab3aa4,lgup-stg-mms04,0,0,0,3.258096538021482,2,0,0,0.5769230769230769,2,unknown,0,0,0,1,0,0,0,0,0,0,1,FP-더미테스트,PATH_TEMP_DEV_001,1,stg,0,mms,0.5,문자중계,NW운영1팀,NW부문,예외승인시 보관,4,2,1,3,3,1,4,0,1,0
FP,auth_audit.txt,/auth/internal,5c7c3a7896a11f218862b914b882cbfc6c1c0a53206d67f0b9680c3d3812890e,lgup-stg-mms05,0,0,0,3.295836866004329,2,0,0,0.0,2,unknown,0,0,0,0,0,0,0,0,0,1,0,,,0,stg,0,mms,0.0,NW관제,NW운영1팀,NW부문,예외승인시 보관,2,2,1,3,3,1,5,3,1,0
FP,cron_daily.log,/var/log/scheduler,fada07adbb48db79905061c4f6c64be8d72562cc439dd2e8e0f65c819bd81dee,lgup-dev-mms06,0,0,0,6.07073772800249,3,0,0,0.9976905311778291,3,unknown,1,0,0,0,0,0,1,0,0,1,1,FP-시스템로그,PATH_CRON_LOG_001,0,dev,0,mms,0.5,문자중계,전송망품질팀,NW부문,1개월,4,4,1,0,0,1,0,2,1,0
FP,access.log.8,/var/log/apache2,e01c46732ed49b150a7bbcdcffbba3047530684fb935628601a1a9c5c6b625be,lgup-stg-mms01,0,0,1,7.305188215393037,4,0,0,0.9993279569892473,3,unknown,1,0,0,0,0,0,0,0,0,1,1,FP-시스템로그,PATH_HADOOP_001,0,stg,0,mms,0.7933,NW관제,전송망품질팀,NW부문,1개월,2,4,1,0,3,1,2,2,1,0
FP,app.log,/docker/overlay2/merged/logs,437483af35bd3ad7642211dfde8b0854e4f1899c7257bab852b7819ebcc20a5e,lgup-dev-mms02,0,0,0,8.741296282225147,4,0,0,0.9998401534526854,4,unknown,0,1,0,0,0,0,0,0,0,0,1,FP-시스템로그,PATH_DOCKER_001,1,dev,0,mms,0.9103,NW관제,서비스플랫폼운영팀,NW부문,3개월,2,3,1,1,0,1,1,2,1,0
TP,employee_roster_20250602.csv,/hr/data/export,f4176c65c530d49674b1ed3cb458507a234d1f63ac1b3ddc77d3642c2d6a66ad,lgup-prd-app02,1,0,0,3.9318256327243257,2,0,0,0.2549019607843137,3,unknown,0,0,0,0,0,0,0,0,1,0,0,,,0,prd,1,app,0.0,비디오 포털(신동향)검색,AX선행기술팀,CTO,즉시 삭제,5,1,0,4,1,0,5,3,1,0
TP,customer_export_20250605.xlsx,/data/customer/master,c7975c747ed1b423d1801da8a85e48ab3eae75df8af2459872a0c8d02a7c7478,lgup-prd-app05,1,0,0,4.997212273764115,3,0,0,0.5945945945945946,3,unknown,0,0,0,0,0,0,0,0,1,0,0,,,0,prd,1,app,0.0,비디오 포털(신동향)검색,AX선행기술팀,CTO,즉시 삭제,5,1,0,4,1,0,5,3,1,0
TP,employee_roster_20250606.csv,/payroll/archive,2f3eae09875af6e8382393b08c36c58bd8679f4f551cd8754e0c1cb1f57119a0,lgup-prd-app06,1,0,0,4.553876891600541,2,0,0,0.28421052631578947,2,unknown,0,0,0,0,0,0,0,0,0,0,0,,,0,prd,1,app,0.0,AI메시징허브,AX선행기술팀,CTO,6개월,0,1,0,2,1,0,5,3,1,0
TP,contact_list_20250608.mbox,/cs/voice-mail/archive,e5c1e5b63d5c50a83942def98beacd333ccc3de8f4dde28fe935604a3a98e5b2,lgup-prd-app01,1,0,0,4.624972813284271,3,0,0,0.00980392156862745,3,unknown,0,0,0,0,0,0,0,0,0,0,0,,,0,prd,1,app,0.0,AI메시징허브,클라우드보안팀,CTO,6개월,0,5,0,2,1,0,5,3,1,0
TP,customer_export_20250609.xlsx,/data/customer/master,73668f42e3f4aa36362e0d30e40bcb58cb15790d52a1c69971f40ca99b8365ad,lgup-prd-app02,1,0,0,3.8918202981106265,2,0,0,0.5306122448979592,3,unknown,0,0,0,0,0,0,0,0,1,0,0,,,0,prd,1,app,0.0,모바일인증,클라우드보안팀,CTO,3개월,3,5,0,1,1,0,5,3,1,0
TP,employee_roster_20250610.csv,/partner/share/employee,e41388fc1bcfbaa93226462449faa5b76d97200bec6f6a215ecf5743c3a18ae8,lgup-prd-app03,1,0,0,4.787491742782046,3,0,0,0.325,3,unknown,0,0,0,0,0,0,0,0,0,0,0,,,0,prd,1,app,0.0,AI메시징허브,AX선행기술팀,CTO,즉시 삭제,0,1,0,4,1,0,5,3,1,0
TP,employee_roster_20250614.csv,/hr/data/export,7b7530b4edc18b9987a855ba23f5cacd194cfcf0e335ef90627db5e5f9eb3317,lgup-prd-app07,1,0,0,4.343805421853684,2,0,0,0.33766233766233766,3,unknown,0,0,0,0,0,0,0,0,1,0,0,,,0,prd,1,app,0.0,비디오 포털(신동향)검색,클라우드보안팀,CTO,즉시 삭제,5,5,0,4,1,0,5,3,1,0
TP,contact_list_20250616.mbox,/cs/voice-mail/archive,d6a45c3fe69bf1f2952e9dad8c395b60156faab982781bb79fd1b9281f0c32e0,lgup-prd-app02,1,0,0,5.030437921392435,3,0,0,0.0196078431372549,3,unknown,0,0,0,0,0,0,0,0,0,0,0,,,0,prd,1,app,0.0,비디오 포털(신동향)검색,AX선행기술팀,CTO,6개월,5,1,0,2,1,0,5,3,1,0
TP,customer_export_20250617.xlsx,/data/customer/master,0bef784579650b723b6b5e707e59d4c5cc89e8506430f6099a0651f9c613cad2,lgup-prd-app03,1,0,0,4.795790545596741,3,0,0,0.6115702479338843,3,unknown,0,0,0,0,0,0,0,0,1,0,0,,,0,prd,1,app,0.0,비디오 포털(신동향)검색,AX선행기술팀,CTO,즉시 삭제,5,1,0,4,1,0,5,3,1,0
TP,contact_list_20250620.mbox,/partner/contact/export,bd1a7d7895a68cb67351245599f9585035c835482beab59941c4f083499ee3cf,lgup-prd-app06,1,0,0,5.117993812416755,3,0,0,0.0,3,unknown,0,0,0,0,0,0,0,0,1,0,0,,,0,prd,1,app,0.0,비디오 포털(신동향)검색,클라우드보안팀,CTO,즉시 삭제,5,5,0,4,1,0,5,3,1,0
TP,customer_export_20250621.xlsx,/shared/sales/export,73403aefff7a4fea9e50f271f4ab5fc4b3cfafb580250e0e739a0a219180b5eb,lgup-prd-app07,1,0,0,5.117993812416755,3,0,0,0.6347305389221557,3,unknown,0,0,0,0,0,0,0,0,1,0,0,,,0,prd,1,app,0.0,비디오 포털(신동향)검색,AX선행기술팀,CTO,3개월,5,1,0,1,1,0,5,3,1,0
TP,employee_roster_20250622.csv,/payroll/archive,81a657d8a7a78844cd4da19953ea7f859a26767b74ca6e920bc07f0ad29f6052,lgup-prd-app01,1,0,0,4.1588830833596715,2,0,0,0.203125,2,unknown,0,0,0,0,0,0,0,0,0,0,0,,,0,prd,1,app,0.0,AI메시징허브,클라우드보안팀,CTO,즉시 삭제,0,5,0,4,1,0,5,3,1,0
TP,contact_list_20250624.mbox,/mail/customer/queue,2c1217e36b92defff695566e7191f089308ac365dc6219c2a853c836f6b4fa60,lgup-prd-app03,1,0,0,5.225746673713202,3,0,0,0.0,3,unknown,0,0,0,0,0,0,0,0,1,0,0,,,0,prd,1,app,0.0,AI메시징허브,AX선행기술팀,CTO,3개월,0,1,0,1,1,0,5,3,1,0
TP,customer_export_20250625.xlsx,/crm/customer/export,65b5d04d85f80ed1aa18375d51636b1ad38869ae7a2b9a156eef330e18afd8b9,lgup-prd-app04,1,0,0,4.30406509320417,2,0,0,0.3918918918918919,3,unknown,0,0,0,0,0,0,0,0,1,0,0,,,0,prd,1,app,0.0,모바일인증,AX선행기술팀,CTO,6개월,3,1,0,2,1,0,5,3,1,0
TP,claim_intake_20250627.txt,/billing/customer/input,c40b92613b70b431b3e513c486b0777b8b0f7148355994f4ef688d6f4f8902bb,lgup-prd-mms06,1,0,0,3.9512437185814275,2,0,0,0.6923076923076923,3,unknown,0,0,0,0,0,0,0,0,1,0,0,,,0,prd,1,mms,0.0,NW관제,서비스플랫폼운영팀,NW부문,3개월,2,3,1,1,1,1,5,3,1,0
TP,customer_export_20250629.xlsx,/shared/sales/export,df22b88990b67c952caa0af05b737f0832493f9977b6e609346511f796a8787b,lgup-prd-mms01,1,0,0,4.9344739331306915,3,0,0,0.5971223021582733,3,unknown,0,0,0,0,0,0,0,0,1,0,0,,,0,prd,1,mms,0.0,문자중계,전송망품질팀,NW부문,즉시 삭제,4,4,1,4,1,1,5,3,1,0
TP,contact_list_20250632.mbox,/partner/contact/export,860948b06df81f6021ccee42c4673ba54df67ff58bd489b45bdd3b06516bfa42,lgup-prd-mms04,1,0,0,5.308267697401205,3,0,0,0.0049504950495049506,3,unknown,0,0,0,0,0,0,0,0,1,0,0,,,0,prd,1,mms,0.0,NW관제,전송망품질팀,NW부문,즉시 삭제,2,4,1,4,1,1,5,3,1,0
TP,customer_export_20250633.xlsx,/crm/customer/export,fa1111240977e677e673583e37ff0d1cf8683037943a515e373af4e53f3c9f54,lgup-prd-mms05,1,0,0,5.0689042022202315,3,0,0,0.5031446540880503,3,unknown,0,0,0,0,0,0,0,0,1,0,0,,,0,prd,1,mms,0.0,NW관제,전송망품질팀,NW부문,즉시 삭제,2,4,1,4,1,1,5,3,1,0
TP,contact_list_20250636.mbox,/partner/contact/export,31ceb9b6a110ad3c4a1169076bd68195edc7aee0c4c1c8485ca847ea3fedee67,lgup-prd-mms01,1,0,0,5.198497031265826,3,0,0,0.016574585635359115,3,unknown,0,0,0,0,0,0,0,0,1,0,0,,,0,prd,1,mms,0.0,MMS 운영,NW운영1팀,NW부문,3개월,1,2,1,1,1,1,5,3,1,0
TP,customer_export_20250637.xlsx,/data/customer/master,541437a3448ba1a3e958bb3685e43182ae6b14d871803041aba66091d3d5765b,lgup-prd-mms02,1,0,0,4.394449154672439,2,0,0,0.2962962962962963,3,unknown,0,0,0,0,0,0,0,0,1,0,0,,,0,prd,1,mms,0.0,MMS 운영,전송망품질팀,NW부문,즉시 삭제,1,4,1,4,1,1,5,3,1,0
TP,claim_intake_20250639.txt,/billing/customer/input,7be14c38213a62fa5b0c59450916cf2f0bd93ac2114b60d320262627f1247c1c,lgup-prd-mms04,1,0,0,5.293304824724492,3,0,0,0.8391959798994975,3,unknown,0,0,0,0,0,0,0,0,1,0,0,,,0,prd,1,mms,0.0,NW관제,전송망품질팀,NW부문,3개월,2,4,1,1,1,1,5,3,1,0
TP,customer_export_20250641.xlsx,/data/customer/master,9fe206b105cc9c48ea7ba486e5f67185f74db64b92492ede52484b717050e80d,lgup-prd-mms06,1,0,0,4.820281565605037,3,0,0,0.3387096774193548,3,unknown,0,0,0,0,0,0,0,0,1,0,0,,,0,prd,1,mms,0.0,MMS 운영,NW운영1팀,NW부문,즉시 삭제,1,2,1,4,1,1,5,3,1,0
TP,claim_intake_20250643.txt,/billing/customer/input,cf2225311c4854610f11d7d6643be8cd9997c6c3deab155fc9a28f97ae381307,lgup-prd-mms01,1,0,0,4.663439094112067,3,0,0,0.6792452830188679,3,unknown,0,0,0,0,0,0,0,0,1,0,0,,,0,prd,1,mms,0.0,NW관제,서비스플랫폼운영팀,NW부문,3개월,2,3,1,1,1,1,5,3,1,0
TP,contact_list_20250644.mbox,/partner/contact/export,ea06a568a2541621c3c97a67cea793a1f1835c9a74b13791bcf99ba5b52f8d3f,lgup-prd-mms02,1,0,0,5.117993812416755,3,0,0,0.029940119760479042,3,unknown,0,0,0,0,0,0,0,0,1,0,0,,,0,prd,1,mms,0.0,MMS 운영,NW운영1팀,NW부문,6개월,1,2,1,2,1,1,5,3,1,0
TP,customer_export_20250645.xlsx,/shared/sales/export,065fb82dcfd4854ea934c71400cda856596c45bf557c3550fdfb507b35b37854,lgup-prd-mms03,1,0,0,5.0369526024136295,3,0,0,0.6298701298701299,3,unknown,0,0,0,0,0,0,0,0,1,0,0,,,0,prd,1,mms,0.0,문자중계,서비스플랫폼운영팀,NW부문,3개월,4,3,1,1,1,1,5,3,1,0
TP,contact_list_20250648.mbox,/mail/customer/queue,5ddaa95fa45036be4a2c11d1baa9baf485bd7ad545a8909ce91574809b34c4c4,lgup-prd-mms06,1,0,0,5.278114659230517,3,0,0,0.00510204081632653,3,unknown,0,0,0,0,0,0,0,0,1,0,0,,,0,prd,1,mms,0.0,MMS 운영,서비스플랫폼운영팀,NW부문,6개월,1,3,1,2,1,1,5,3,1,0
TP,customer_export_20250649.xlsx,/shared/sales/export,521b55946ea15b48d434e35deca7f3c1e6b31e9ec45c40c1691b3101e1be31c2,lgup-prd-mms07,1,0,0,4.787491742782046,3,0,0,0.38333333333333336,3,unknown,0,0,0,0,0,0,0,0,1,0,0,,,0,prd,1,mms,0.0,문자중계,전송망품질팀,NW부문,6개월,4,4,1,2,1,1,5,3,1,0
TP,contact_list_20250652.mbox,/cs/voice-mail/archive,b8c40d5fd9b9bb80ad1e1ef283bfce8341783e54fbb86f7d17107015cd0d8c48,lgup-prd-app03,1,0,0,4.406719247264253,2,0,0,0.024390243902439025,3,unknown,0,0,0,0,0,0,0,0,0,0,0,,,0,prd,1,app,0.0,모바일인증,AX선행기술팀,CTO,즉시 삭제,3,1,0,4,1,0,5,3,1,0
TP,employee_roster_20250654.csv,/hr/data/export,694a7c1423ea1f5d9f3852746634658ee4e536bc5b7d6cbce5247bdae2ff1dcd,lgup-prd-app05,1,0,0,4.718498871295094,3,0,0,0.4017857142857143,3,unknown,0,0,0,0,0,0,0,0,1,0,0,,,0,prd,1,app,0.0,비디오 포털(신동향)검색,클라우드보안팀,CTO,즉시 삭제,5,5,0,4,1,0,5,3,1,0
TP,claim_intake_20250655.txt,/billing/customer/input,0a25e633ef6456da895ae2e36cc93913cd4c9a5b784e71db0096ddb0958fbf83,lgup-prd-app06,1,0,0,4.007333185232471,2,0,0,0.6909090909090909,3,unknown,0,0,0,0,0,0,0,0,1,0,0,,,0,prd,1,app,0.0,모바일인증,AX선행기술팀,CTO,즉시 삭제,3,1,0,4,1,0,5,3,1,0
TP,employee_roster_20250658.csv,/partner/share/employee,d6c7afcf6cf4dfc345f754aedaf1972ed1d5b0248aa8f84903a28b9dbad62bcb,lgup-prd-app02,1,0,0,3.8918202981106265,2,0,0,0.12244897959183673,3,unknown,0,0,0,0,0,0,0,0,0,0,0,,,0,prd,1,app,0.0,모바일인증,AI플랫폼운영팀,CTO,6개월,3,0,0,2,1,0,5,3,1,0
TP,claim_intake_20250659.txt,/billing/customer/input,90c7d8e6f18120d8b38f5e3b167d8145d48a86270043947ea6ec571287c73712,lgup-prd-app03,1,0,0,4.962844630259907,3,0,0,0.8321678321678322,3,unknown,0,0,0,0,0,0,0,0,1,0,0,,,0,prd,1,app,0.0,모바일인증,클라우드보안팀,CTO,3개월,3,5,0,1,1,0,5,3,1,0
TP,contact_list_20250660.mbox,/cs/voice-mail/archive,18e0f1c2b0ce5abf72682db026e1e83cfffc7e18c68fd217872251181b45a12c,lgup-prd-app04,1,0,0,4.68213122712422,3,0,0,0.018518518518518517,3,unknown,0,0,0,0,0,0,0,0,0,0,0,,,0,prd,1,app,0.0,모바일인증,클라우드보안팀,CTO,즉시 삭제,3,5,0,4,1,0,5,3,1,0
TP,employee_roster_20250662.csv,/hr/data/export,ce9e984ca4ece52d2be4c4f92284facdf4f44df66e8825d42bf815bd19974d6c,lgup-prd-app06,1,0,0,4.584967478670572,2,0,0,0.40816326530612246,3,unknown,0,0,0,0,0,0,0,0,1,0,0,,,0,prd,1,app,0.0,모바일인증,AX선행기술팀,CTO,즉시 삭제,3,1,0,4,1,0,5,3,1,0
TP,claim_intake_20250663.txt,/insurance/claim/intake,8471b2bc0fb3750cb6642e620473016310a73e50eeebbbbae7a0fa4042752bbd,lgup-prd-app07,1,0,0,5.14166355650266,3,0,0,0.8538011695906432,3,unknown,0,0,0,0,0,0,0,0,0,0,0,,,0,prd,1,app,0.0,모바일인증,AI플랫폼운영팀,CTO,즉시 삭제,3,0,0,4,1,0,5,3,1,0
TP,contact_list_20250664.mbox,/partner/contact/export,1b3233cf67959c34ab640875d5240bdce46a6c3bf36aa4de76d88b75943ac68f,lgup-prd-app01,1,0,0,5.303304908059076,3,0,0,0.01990049751243781,3,unknown,0,0,0,0,0,0,0,0,1,0,0,,,0,prd,1,app,0.0,AI메시징허브,AI플랫폼운영팀,CTO,3개월,0,0,0,1,1,0,5,3,1,0
TP,claim_intake_20250667.txt,/billing/customer/input,cc2a2587ea6c52cbcc110249920ed0575494c549aac15d1aef64977564edae4f,lgup-prd-app04,1,0,0,4.330733340286331,2,0,0,0.6578947368421053,3,unknown,0,0,0,0,0,0,0,0,1,0,0,,,0,prd,1,app,0.0,AI메시징허브,AI플랫폼운영팀,CTO,6개월,0,0,0,2,1,0,5,3,1,0
TP,contact_list_20250668.mbox,/cs/voice-mail/archive,8a0d66adc27b40705d801375a2640c21473a1aa303bd3629b9a731302d45d09e,lgup-prd-app05,1,0,0,5.062595033026967,3,0,0,0.006329113924050633,3,unknown,0,0,0,0,0,0,0,0,0,0,0,,,0,prd,1,app,0.0,모바일인증,AX선행기술팀,CTO,6개월,3,1,0,2,1,0,5,3,1,0
TP,employee_roster_20250670.csv,/hr/data/export,653a040ff522696c17ec400739dc7d35661d5cff781b608475fe6b06fbd17538,lgup-prd-app07,1,0,0,4.859812404361672,3,0,0,0.26356589147286824,3,unknown,0,0,0,0,0,0,0,0,1,0,0,,,0,prd,1,app,0.0,AI메시징허브,AI플랫폼운영팀,CTO,3개월,0,0,0,1,1,0,5,3,1,0
TP,claim_intake_20250671.txt,/erp/member/upload,b5565f353a92fb57cfefd01747d1a4afc1dcc040c7be7f754ddbdb2fc2583136,lgup-prd-app01,1,0,0,5.0689042022202315,3,0,0,0.8679245283018868,3,unknown,0,0,0,0,0,0,0,0,1,0,0,,,0,prd,1,app,0.0,모바일인증,AX선행기술팀,CTO,3개월,3,1,0,1,1,0,5,3,1,0
TP,contact_list_20250672.mbox,/partner/contact/export,a2da6cd86aa3433adfb82b173077e80bbfc4db660934c9d97beb1daf0e0f74ef,lgup-prd-app02,1,0,0,4.499809670330265,2,0,0,0.03333333333333333,3,unknown,0,0,0,0,0,0,0,0,1,0,0,,,0,prd,1,app,0.0,비디오 포털(신동향)검색,AI플랫폼운영팀,CTO,3개월,5,0,0,1,1,0,5,3,1,0
TP,employee_roster_20250674.csv,/hr/data/export,f37ebee6348af0ac34f57ff5b649bb8d724c04776a999e74575857015e3e1ff6,lgup-prd-app04,1,0,0,4.736198448394496,3,0,0,0.11403508771929824,3,unknown,0,0,0,0,0,0,0,0,1,0,0,,,0,prd,1,app,0.0,모바일인증,AI플랫폼운영팀,CTO,즉시 삭제,3,0,0,4,1,0,5,3,1,0
TP,contact_list_20250676.mbox,/mail/customer/queue,095f5c96925f2a2f08f648854bf6dc9f10006905f593c183c5f348381fd23266,lgup-prd-app06,1,0,0,4.912654885736052,3,0,0,0.022058823529411766,3,unknown,0,0,0,0,0,0,0,0,1,0,0,,,0,prd,1,app,0.0,모바일인증,클라우드보안팀,CTO,6개월,3,5,0,2,1,0,5,3,1,0
TP,customer_export_20250677.xlsx,/data/customer/master,f8590c54b472b2c766d251183a5da0c886ec2689082d496602e8946ce9023f31,lgup-prd-mms07,1,0,0,4.6913478822291435,3,0,0,0.7155963302752294,3,unknown,0,0,0,0,0,0,0,0,1,0,0,,,0,prd,1,mms,0.0,MMS 운영,서비스플랫폼운영팀,NW부문,3개월,1,3,1,1,1,1,5,3,1,0
TP,claim_intake_20250679.txt,/insurance/claim/intake,03f481a237aa9616eaeecc803dbc840ab606038b624becb577eea3e376fb0367,lgup-prd-mms02,1,0,0,4.997212273764115,3,0,0,0.8851351351351351,3,unknown,0,0,0,0,0,0,0,0,0,0,0,,,0,prd,1,mms,0.0,NW관제,서비스플랫폼운영팀,NW부문,6개월,2,3,1,2,1,1,5,3,1,0
TP,customer_export_20250681.xlsx,/crm/customer/export,26107e04612e68134122058fbed70ff79ab43a0ab80daba8802d812e3ef5a29b,lgup-prd-mms04,1,0,0,3.912023005428146,2,0,0,0.58,3,unknown,0,0,0,0,0,0,0,0,1,0,0,,,0,prd,1,mms,0.0,NW관제,전송망품질팀,NW부문,즉시 삭제,2,4,1,4,1,1,5,3,1,0
TP,employee_roster_20250682.csv,/payroll/archive,8dcf8f61152d26df6b7c36893f37919bfbc8913c4d99c68ee3d74ed3849624fa,lgup-prd-mms05,1,0,0,4.955827057601261,3,0,0,0.2323943661971831,2,unknown,0,0,0,0,0,0,0,0,0,0,0,,,0,prd,1,mms,0.0,NW관제,서비스플랫폼운영팀,NW부문,6개월,2,3,1,2,1,1,5,3,1,0
TP,claim_intake_20250683.txt,/billing/customer/input,baf16cc126198113764bc74e7e27cb2709222d85012159f7a9add37821f8f73c,lgup-prd-mms06,1,0,0,5.043425116919247,3,0,0,0.896774193548387,3,unknown,0,0,0,0,0,0,0,0,1,0,0,,,0,prd,1,mms,0.0,NW관제,NW운영1팀,NW부문,3개월,2,2,1,1,1,1,5,3,1,0
TP,customer_export_20250685.xlsx,/data/customer/master,db7234d1e0d32428885f7eb3984923527e83e2aad66423496504219b05fe57d0,lgup-prd-mms01,1,0,0,4.955827057601261,3,0,0,0.4084507042253521,3,unknown,0,0,0,0,0,0,0,0,1,0,0,,,0,prd,1,mms,0.0,문자중계,전송망품질팀,NW부문,3개월,4,4,1,1,1,1,5,3,1,0
TP,employee_roster_20250686.csv,/hr/data/export,29bd9eb50e6dd9992a77a4c80726aa438a04be28ddc1abf5b8d8e4cfdbd46a71,lgup-prd-mms02,1,0,0,4.663439094112067,3,0,0,0.3018867924528302,3,unknown,0,0,0,0,0,0,0,0,1,0,0,,,0,prd,1,mms,0.0,문자중계,서비스플랫폼운영팀,NW부문,6개월,4,3,1,2,1,1,5,3,1,0
TP,claim_intake_20250687.txt,/erp/member/upload,f0a38a7b62a431e8cb422a743a921576c4a8e677ff4c250ca68c0a9e8da8cc36,lgup-prd-mms03,1,0,0,4.204692619390966,2,0,0,0.6417910447761194,3,unknown,0,0,0,0,0,0,0,0,1,0,0,,,0,prd,1,mms,0.0,NW관제,전송망품질팀,NW부문,즉시 삭제,2,4,1,4,1,1,5,3,1,0
TP,customer_export_20250689.xlsx,/crm/customer/export,7adee73aeb4dffb8509bd7c640eecc28a13beefe6726c5dbfa0396d4e683cfa5,lgup-prd-mms05,1,0,0,5.0369526024136295,3,0,0,0.564935064935065,3,unknown,0,0,0,0,0,0,0,0,1,0,0,,,0,prd,1,mms,0.0,문자중계,NW운영1팀,NW부문,6개월,4,2,1,2,1,1,5,3,1,0
TP,employee_roster_20250690.csv,/payroll/archive,4d2c2f4ca2e6e4432360e0412264216ec9dda76a9c945de5ab55e1732323bb89,lgup-prd-mms06,1,0,0,4.454347296253507,2,0,0,0.627906976744186,2,unknown,0,0,0,0,0,0,0,0,0,0,0,,,0,prd,1,mms,0.0,문자중계,전송망품질팀,NW부문,6개월,4,4,1,2,1,1,5,3,1,0
TP,claim_intake_20250691.txt,/erp/member/upload,4e0ad36f655d51d60654e1168e6df40a28c2e5e38fc79dc23233d9dbec41b516,lgup-prd-mms07,1,0,0,4.406719247264253,2,0,0,0.7195121951219512,3,unknown,0,0,0,0,0,0,0,0,1,0,0,,,0,prd,1,mms,0.0,NW관제,전송망품질팀,NW부문,6개월,2,4,1,2,1,1,5,3,1,0
TP,customer_export_20250693.xlsx,/data/customer/master,f2312c0c2358da99136274f2280d7b9e271acf467a891d872cfbfd1b064784f7,lgup-prd-mms02,1,0,0,4.48863636973214,2,0,0,0.2696629213483146,3,unknown,0,0,0,0,0,0,0,0,1,0,0,,,0,prd,1,mms,0.0,문자중계,서비스플랫폼운영팀,NW부문,6개월,4,3,1,2,1,1,5,3,1,0
TP,employee_roster_20250694.csv,/partner/share/employee,784d01dea0037f9b206245abffb78acf1b0ec84ce11cee4f4bade8969928d748,lgup-prd-mms03,1,0,0,4.48863636973214,2,0,0,0.38202247191011235,3,unknown,0,0,0,0,0,0,0,0,0,0,0,,,0,prd,1,mms,0.0,MMS 운영,전송망품질팀,NW부문,3개월,1,4,1,1,1,1,5,3,1,0
TP,claim_intake_20250695.txt,/insurance/claim/intake,8f2cf9881f9289ace879291282d804a59164223b6946b4c468ffa6edb0ccc64e,lgup-prd-mms04,1,0,0,4.394449154672439,2,0,0,0.6049382716049383,3,unknown,0,0,0,0,0,0,0,0,0,0,0,,,0,prd,1,mms,0.0,MMS 운영,서비스플랫폼운영팀,NW부문,3개월,1,3,1,1,1,1,5,3,1,0
TP,customer_export_20250697.xlsx,/crm/customer/export,fb413795d25c695d745aa508933bbf240f3076ee0b70ce6e958326491bc074ac,lgup-prd-mms06,1,0,0,5.10594547390058,3,0,0,0.45454545454545453,3,unknown,0,0,0,0,0,0,0,0,1,0,0,,,0,prd,1,mms,0.0,문자중계,전송망품질팀,NW부문,6개월,4,4,1,2,1,1,5,3,1,0
TP,employee_roster_20250698.csv,/partner/share/employee,e7d7207a0d8a1e0194330c76f3cc024e3d460542cba5b2d443b888502b6c564e,lgup-prd-mms07,1,0,0,5.0106352940962555,3,0,0,0.4,3,unknown,0,0,0,0,0,0,0,0,0,0,0,,,0,prd,1,mms,0.0,MMS 운영,서비스플랫폼운영팀,NW부문,3개월,1,3,1,1,1,1,5,3,1,0
TP,customer_export_20250701.xlsx,/shared/sales/export,b651d25d0a0219a8dade813fe0efe9ae018fb983f4dffb54ddbd939fe19b695b,lgup-prd-mms03,1,0,0,4.90527477843843,3,0,0,0.6814814814814815,3,unknown,0,0,0,0,0,0,0,0,1,0,0,,,0,prd,1,mms,0.0,MMS 운영,서비스플랫폼운영팀,NW부문,3개월,1,3,1,1,1,1,5,3,1,0
